model,n_caption_preds,n_total_preds,bleu4,rouge_l,bertscore_f1
cnn,400,400,0.002765946079578322,0.02541980583072616,0.7262106588482857
mlp,400,400,0.0015537662832258241,0.028179706872227202,0.7177636756002903
patchtst,400,400,0.0014905741486963514,0.029346463674104175,0.7218360388278962
