{
  "ett": {
    "bleu4": 0.0028502517207731797,
    "rouge_l": 0.013722963105462858,
    "bertscore_f1": 0.7257481187582016
  },
  "fred": {
    "bleu4": 0.002600442528359355,
    "rouge_l": 0.02666763346241964,
    "bertscore_f1": 0.7281275546550751
  },
  "nab": {
    "bleu4": 0.0038891959502472483,
    "rouge_l": 0.028266034752729846,
    "bertscore_f1": 0.7270466113090515
  },
  "ucr": {
    "bleu4": 0.0017238941189335034,
    "rouge_l": 0.0330225920022923,
    "bertscore_f1": 0.7239203506708145
  }
}