{
  "ett": {
    "bleu4": 0.00274485302738438,
    "rouge_l": 0.021022935371684745,
    "bertscore_f1": 0.719553936123848
  },
  "fred": {
    "bleu4": 0.0014534202676320007,
    "rouge_l": 0.02699967406966411,
    "bertscore_f1": 0.7183575028181076
  },
  "nab": {
    "bleu4": 0.0012860367329094742,
    "rouge_l": 0.032241760294762827,
    "bertscore_f1": 0.7146545249223709
  },
  "ucr": {
    "bleu4": 0.0007307551049774417,
    "rouge_l": 0.03245445775279712,
    "bertscore_f1": 0.7184887385368347
  }
}