{
  "ett": {
    "bleu4": 0.0015892173962060567,
    "rouge_l": 0.015322717141599275,
    "bertscore_f1": 0.7232763242721557
  },
  "fred": {
    "bleu4": 0.0015385823028605313,
    "rouge_l": 0.03073340576552406,
    "bertscore_f1": 0.723461925983429
  },
  "nab": {
    "bleu4": 0.001000821524702505,
    "rouge_l": 0.03532673636781833,
    "bertscore_f1": 0.718281842470169
  },
  "ucr": {
    "bleu4": 0.001833675371016311,
    "rouge_l": 0.036002995421475045,
    "bertscore_f1": 0.7223240625858307
  }
}